exercise,recording,rep_duration_s,headphones_mag_mean,headphones_mag_std,headphones_mag_min,headphones_mag_max,headphones_mag_range,headphones_mag_rms,headphones_mag_skew,headphones_mag_kurt,headphones_mag_dom_freq,headphones_mag_top3_pwr,headphones_mag_frac_above_mean,headphones_x_mean,headphones_x_std,headphones_x_zcr,headphones_y_mean,headphones_y_std,headphones_y_zcr,headphones_z_mean,headphones_z_std,headphones_z_zcr,headphones_corr_xy,headphones_corr_xz,headphones_corr_yz,watch_mag_mean,watch_mag_std,watch_mag_min,watch_mag_max,watch_mag_range,watch_mag_rms,watch_mag_skew,watch_mag_kurt,watch_mag_dom_freq,watch_mag_top3_pwr,watch_mag_frac_above_mean,watch_x_mean,watch_x_std,watch_x_zcr,watch_y_mean,watch_y_std,watch_y_zcr,watch_z_mean,watch_z_std,watch_z_zcr,watch_corr_xy,watch_corr_xz,watch_corr_yz,phone_mag_mean,phone_mag_std,phone_mag_min,phone_mag_max,phone_mag_range,phone_mag_rms,phone_mag_skew,phone_mag_kurt,phone_mag_dom_freq,phone_mag_top3_pwr,phone_mag_frac_above_mean,phone_x_mean,phone_x_std,phone_x_zcr,phone_y_mean,phone_y_std,phone_y_zcr,phone_z_mean,phone_z_std,phone_z_zcr,phone_corr_xy,phone_corr_xz,phone_corr_yz
pushups,pushups/1,2.75,1.013340173669388,0.2344791415521146,0.5145123641721676,1.5047136152569185,0.9902012510847509,1.0401147895282143,0.0385600624066006,-1.0297939727127614,0.7194251465289395,0.8784450749330053,0.4676258992805755,-0.060877697841726613,0.061000349147680426,0.30434782608695654,0.23091366906474822,0.17637449863852542,0.391304347826087,-0.9725035971223022,0.24914565888166443,0.15942028985507245,0.004325322511952657,0.06626951928084264,-0.49495055886442596,0.9793307977170221,0.017747448560410828,0.8359213610247688,1.010667013054021,0.17474565202925219,0.9794915942913769,-3.987886906795304,24.83704266545356,4.710149419484759,0.31257684771006056,0.48188405797101447,0.8766800688405797,0.10929812957725234,0.22545454545454546,0.3018914746376812,0.21655431786901208,0.13090909090909092,-0.12213665579710144,0.17083065436748837,0.21818181818181817,-0.3533297750628482,0.533071534441823,0.1436617280594151,9.89009430975982,1.3048603817324655,7.285288220879045,13.19014820281967,5.904859981940624,9.975802026491833,0.5952769587520537,0.05741749427178311,1.818645532478941,0.49535086281615476,0.32573673870333986,-0.6149619980353634,1.394195183609689,0.0066823899371069185,-1.9370374263261299,2.0473125685367477,0.004323899371069182,9.347927886444008,3.6417244635967254,0.013757861635220126,0.6161821000089227,-0.13864373726427345,-0.1484042055294895
pushups,pushups/1,3.3400001525878906,0.9853261350257212,0.23053607136638254,0.6019104599085581,1.4496879689379096,0.8477775090293516,1.0119360022085246,0.36227057185032246,-0.9609605702251178,0.5882358551030741,0.9121383703777712,0.4411764705882353,-0.026541176470588238,0.0532321338028465,0.4378698224852071,0.20352352941176471,0.21852201943003033,0.3609467455621302,-0.9449000000000001,0.24315131212525934,0.13609467455621302,0.16796612393772128,-0.3505443314106715,-0.6055632455240118,0.9808146905291578,0.011560043547073275,0.8957116673187373,1.0024851603721738,0.10677349305343653,0.9808828124524447,-2.9838745626489223,16.89472412390202,0.8955232420972172,0.3529411541601701,0.5194029850746269,0.8818062597014926,0.07511550256394513,0.2155688622754491,0.30924985970149255,0.2500284635032544,0.15568862275449102,-0.12131014029850747,0.09844304679720975,0.25149700598802394,-0.6987672227882408,-0.28455576487688056,0.40495996294082487,9.719085350012103,1.6520312460040871,7.0681342590952925,15.55051702366887,8.482382764573579,9.858490111502556,1.015806460247774,0.9862353994725845,0.7456380049424716,0.5559091834303664,0.2981888745148771,-0.7064367878395861,0.8977283541482026,0.006470397929472662,-2.0298859676584735,2.131873837907887,0.002588159171789065,9.105275205368693,4.8091620264305845,0.012293756065998059,0.7426171587405672,0.03917621436854254,0.008583850782486465
pushups,pushups/1,4.16100001335144,1.006812985383932,0.23342451061757907,0.563443420519923,1.4416565038754134,0.8782130833554904,1.0335179677658062,0.09542793137191542,-1.1648388789855466,0.7109011519018194,0.8473561943066272,0.4976303317535545,0.023687203791469193,0.07077564028716374,0.4238095238095238,0.24172511848341235,0.23685052435164558,0.40476190476190477,-0.9522985781990522,0.2704779532112256,0.15714285714285714,0.4360305734238487,-0.5350799394653852,-0.6269270641253827,0.9835656966806403,0.013925161062340546,0.9054254664800574,1.018290898107852,0.11286543162779461,0.9836642668093039,-0.37208138278983677,4.332958152539258,0.7194251465289395,0.3715850315051704,0.4148681055155875,0.8650276522781774,0.08439296164406454,0.18028846153846154,0.3599119520383693,0.24943265475365436,0.13942307692307693,-0.12094126858513188,0.09616916767580885,0.21153846153846154,-0.6877688378271233,-0.257513359874909,0.46527565521663783,10.041657491088555,1.7116154089382303,7.175729809909576,17.77666715938621,10.600937349476634,10.186486758271945,1.2235384937383218,2.353183062782465,0.8977853237079916,0.5430947478801734,0.31360332294911736,-0.5847680698338525,0.9533149140260262,0.00882887561672293,-1.6687403798026998,2.128373584321079,0.0025967281225655675,9.448373307113188,5.976462891699889,0.01817709685795897,0.7873252922052554,0.04089818290592032,0.021708435994409216
pushups,pushups/1,2.7689998149871826,0.9891746168638754,0.23769472972549283,0.5741095693629755,1.42111469490512,0.8470051255421446,1.0173323975904187,0.2629750403055372,-1.2532394381831464,0.7092205345214369,0.9033947154724283,0.44680851063829785,0.023517730496453903,0.07036577210697723,0.42142857142857143,0.2833617021276596,0.25464783850219574,0.39285714285714285,-0.9229361702127659,0.24879999124210259,0.1,0.48823946652213723,-0.5108637025913607,-0.6545203068555632,0.9802464384666485,0.013027351996220108,0.9058369941638699,1.0224352331051438,0.11659823894127397,0.9803330005802021,-0.2092859258812327,6.509806132189096,0.7194251465289395,0.6344100128503538,0.4460431654676259,0.8561927266187049,0.08341948812799545,0.21660649819494585,0.3854486330935252,0.2262363925151165,0.1299638989169675,-0.12219969064748201,0.10107447325271783,0.20938628158844766,-0.703675051292048,-0.2851646900249803,0.5055402116283954,9.973417244023203,1.4554483052910865,7.4081946659070805,13.94829783327315,6.54010316736607,10.07905656759372,0.585077279707681,0.17248271721060604,1.445496078053543,0.7341689000579242,0.3562231759656652,-0.6207484026531409,0.9575358726307004,0.01014832162373146,-1.4139630682793602,1.9589257895725705,0.0039032006245121,9.442995003901679,6.15624117911903,0.02146760343481655,0.8215256497840673,0.08225202175656647,0.003275699533724647
pushups,pushups/1,2.9800000190734863,0.9813040820721153,0.18824490165791607,0.596702329630005,1.405502859225837,0.8088005295958319,0.9991965995196317,0.30263604478627953,-0.70066449246141,0.6622522872021364,0.8860102644487563,0.4304635761589404,0.03184768211920531,0.06702601534507348,0.38666666666666666,0.3326225165562914,0.22511482696797044,0.38,-0.9048344370860927,0.1955091647879297,0.16,0.6082895637022194,-0.5514667754796938,-0.6963555878422504,0.9816594556413811,0.007876631460386923,0.9438665506715852,1.0029203046197883,0.059053753948203114,0.9816910553597273,-0.723032626696022,2.8079631124996114,0.6711415796478026,0.485781812522,0.5033557046979866,0.8709394899328858,0.07016856527170957,0.14814814814814814,0.35539603355704696,0.22655701243023646,0.09427609427609428,-0.12605690604026845,0.09044272225208069,0.1919191919191919,-0.7966774212712205,-0.23382121918708954,0.5111517326799409,9.911614167731713,1.410361852162828,7.431724132435337,13.863933264385048,6.432209131949711,10.011454238222148,0.37483129198941345,-0.1536995203240341,1.3422149157062364,0.8433722650575992,0.3657122145704966,-0.7100586103660745,1.0388575341119597,0.007251631617113851,-1.6674999296846682,2.1941952277205083,0.0036258158085569255,9.307929205509243,5.783918828046947,0.014503263234227702,0.8771837745493047,0.013324264825586388,-0.01354525443041121
pushups,pushups/1,3.561000108718872,0.9873150082758673,0.15175722028095806,0.7147749112309896,1.3768369173802455,0.6620620061492559,0.998909995682383,0.5141911833565618,-0.7074101529501542,0.8379896259848263,0.8237502563651762,0.441340782122905,0.02697206703910614,0.047691095191155115,0.3089887640449438,0.3580391061452515,0.17635212246073967,0.38764044943820225,-0.9097541899441342,0.1500592654681324,0.1853932584269663,0.5416330037236401,-0.5766158822076538,-0.6936325774025619,0.9783216647940086,0.007303259840088055,0.9567511217380523,0.997495274223441,0.04074415248538865,0.9783489241623421,0.352460918468179,-0.39911335780239643,0.618999075479577,0.6357123856897645,0.45403899721448465,0.9074783008356546,0.05126686796526577,0.15363128491620112,0.2524782395543176,0.20801053652659496,0.09217877094972067,-0.13964475487465183,0.07228085383468318,0.17039106145251395,-0.7899548504613659,-0.36773792549326667,0.6166325046679124,9.660192908081655,0.8507147758046879,8.075216784727827,12.115998848208786,4.040782063480959,9.697579216027242,0.19595521422879741,-0.6570133245547054,1.403837694922325,0.7190720619047578,0.5480740066727328,-0.9009902511373975,0.8230375970954046,0.009708737864077669,-2.461749304822566,1.9765484962179802,0.0024271844660194173,9.017167444040036,2.753037254063647,0.013652912621359222,0.8808435707379819,0.1121412112240566,0.11358710304187046
pushups,pushups/2,2.736999988555908,1.0230830278385918,0.21996659133224508,0.5641775858729747,1.3766912691426851,0.8125136832697104,1.0464627003165035,-0.19957874758566613,-1.055184322789932,0.7194251465289395,0.9190634638031991,0.5107913669064749,-0.03677697841726619,0.04107390131564451,0.2753623188405797,0.18061151079136692,0.17896306080777882,0.37681159420289856,-0.9899712230215827,0.23941989070244737,0.14492753623188406,0.18841033639092455,-0.19015096520583083,-0.524791719450002,1.0300494837718654,0.1228565464695548,0.9534551338263779,1.4721668873035363,0.5187117534771584,1.0373503121072998,2.072470276351363,3.0312291561350095,0.36363671042735485,0.6533014483694268,0.2,0.9060110145454545,0.14568385303009504,0.15693430656934307,0.1620279709090909,0.2909547998862164,0.10218978102189781,-0.22044834545454547,0.3086771854464507,0.145985401459854,-0.44135523005089045,0.16735951243955977,0.12632541322279225,9.673658935599189,1.2487641209136229,7.637309108508217,12.345080374923329,4.707771266415112,9.753926851887869,0.1760031467642449,-1.032990148320232,0.730616082108746,0.8386112804768238,0.44751381215469616,-5.5113485367008686,1.1308872165726471,0.008688783570300158,-4.877615050513023,1.9419946780799837,0.002369668246445498,5.668538295974744,2.005661264880148,0.016587677725118485,-0.39969588317057547,-0.7543767497896947,0.8012582691645629
pushups,pushups/2,4.5909998416900635,0.9988953977917568,0.21493470465651998,0.6209452099846184,1.4313230973837634,0.810377887399145,1.0217577711940034,0.21491166306815915,-1.1887684649545505,0.6493512686202766,0.927192781052832,0.46320346320346323,-0.031129870129870126,0.04522460081670984,0.3391304347826087,0.19575324675324676,0.22152162623032312,0.3652173913043478,-0.9594632034632036,0.22330918752877021,0.16521739130434782,0.11029316534994159,-0.24938045343458895,-0.6777905193561663,0.9746948224018974,0.005891850817998343,0.9525201160878005,0.9960464547183008,0.04352633863050026,0.9747126298161565,0.8395797193723523,2.2381057408250857,0.6521745350055821,0.44944328404353084,0.4326086956521739,0.8460968173913044,0.08800282123899879,0.13507625272331156,0.35789684999999993,0.2590283570986618,0.09586056644880174,-0.16912075434782609,0.06479240926191561,0.3028322440087146,-0.8256307455304948,0.006643947749804095,-0.025980798031658682,9.839519572002965,1.2171586964430947,7.719123481447637,11.953925623959726,4.234802142512089,9.914515656357421,-0.10077652859627931,-1.3016467979655764,0.6537362825083199,0.9194251690542152,0.5494350282485876,-5.624723920903954,1.0002480662240674,0.015073009891662742,-3.524717888888889,0.5951658823482214,0.026848798869524258,7.166992743879473,1.3142469690647565,0.016486104569006125,-0.2192730503672898,-0.6081885354495387,0.592993840957735
pushups,pushups/2,3.5460000038146973,1.0206140921608597,0.1865680902912423,0.7422159590439069,1.4730956260347445,0.7308796669908376,1.03752627794782,0.28820695513595296,-0.8916762333205792,0.5555560853751255,0.904939825483752,0.5333333333333333,-0.02182777777777778,0.05088056063583895,0.36312849162011174,0.2743722222222222,0.2551113053498099,0.4134078212290503,-0.9562111111111111,0.191256604501471,0.2011173184357542,0.2394720814540666,-0.3386991315621635,-0.6939766512562378,0.9751972959589595,0.004831796475706388,0.9660258326850634,0.9895269547221611,0.023501122037097755,0.9752092659028877,0.7437151805804368,0.22014807193970842,0.5617982885815875,0.41637327399641905,0.42696629213483145,0.8517118679775281,0.08187743645718266,0.14366197183098592,0.3692032219101124,0.24025204446372253,0.1267605633802817,-0.14528048314606742,0.07203891873468951,0.22253521126760564,-0.823230739393865,-0.14012595114461177,0.2034685282626779,9.784085477919282,1.0765227435196159,7.636119898377851,12.387543039355332,4.751423140977481,9.843131100241731,0.14025501238099303,-0.8608515263057961,0.5641015088554424,0.8542138782812961,0.47775746496039,-5.424402065813528,1.0737310797357265,0.01768292682926829,-3.4254255094454606,0.68270696883076,0.03170731707317073,7.288578595368677,1.1640461236245958,0.02195121951219512,-0.16388139096556106,-0.4571036410389098,0.453849439579148
pushups,pushups/2,3.1540000438690186,1.0054931032034204,0.2032679458438011,0.6842786433272067,1.4244130825426133,0.7401344392154067,1.0258334359910495,0.37748008787132425,-1.0453216563436463,0.6250005960470162,0.934917058578931,0.41875,-0.022049999999999997,0.04972723097056581,0.3710691823899371,0.254875,0.24114077190512598,0.4088050314465409,-0.9491375000000002,0.2040088689095403,0.1761006289308176,0.20597079962643752,-0.497206331526908,-0.6577252376898841,0.9763689809519974,0.005828846036165526,0.9658679900762491,0.9964585114246709,0.030590521348421773,0.9763863796732085,0.6878908306332483,0.8891525959985813,0.6349212404287149,0.4911782806648267,0.48253968253968255,0.8637147460317461,0.08231415371734176,0.1592356687898089,0.34221815238095243,0.25423857951746065,0.08917197452229299,-0.12236097142857143,0.07205763772488831,0.2643312101910828,-0.8240626217045613,-0.37826079389155093,0.4136861944804514,9.825577011349381,1.0932819253006545,7.923057959188894,11.985314282295855,4.062256323106961,9.886214087007552,0.2354386054217499,-1.0879890526575662,0.6340346411176583,0.9392505632649303,0.476027397260274,-5.413885790410959,1.2046927121612592,0.01644962302947224,-3.462548749315068,0.8305838083932661,0.030843043180260453,7.3065265657534235,1.3440390762703776,0.026730637422892393,0.24730740873235232,-0.2912372549340294,0.4226000965523877
pushups,pushups/2,3.2760000228881836,0.9894487662939219,0.1587544774180601,0.6908947992546006,1.3311840813130493,0.6402892820584487,1.0021037098129342,0.3525230609001724,-0.6322705909087225,0.6097566790702597,0.8756999227322735,0.4878048780487805,-0.02584756097560976,0.043380701918355455,0.31901840490797545,0.20701219512195124,0.18439614658573872,0.3803680981595092,-0.9532195121951221,0.17260408838318783,0.17177914110429449,0.2422340814122543,-0.3473112821159371,-0.6323683836758401,0.9771200429862723,0.006921735911677806,0.9493542483632412,0.9939849608369395,0.04463071247369832,0.9771445588210199,0.1388772916143622,0.8350660193606876,0.6079033153040887,0.6250129535556999,0.45592705167173253,0.857153300911854,0.08299643009485408,0.12804878048780488,0.36120123404255317,0.2492780545305907,0.07317073170731707,-0.13088943161094224,0.06457152720332657,0.24390243902439024,-0.8579155683212925,-0.3647799641956983,0.43119567293409694,9.875450049584044,0.9844217608932712,7.897674560472337,11.764459953656822,3.866785393184484,9.924394182273783,0.08233099730622895,-1.1490235020598827,0.6106138364325733,0.8992419666232767,0.4887862796833773,-4.855832644459103,1.5289999534076806,0.02706270627062706,-3.3499864287598946,1.1515921203733892,0.031023102310231022,7.674656637862796,1.6347138028173884,0.03498349834983498,0.6395764309666943,0.11896653768881606,0.4800996472678816
pushups,pushups/2,3.446000099182129,1.0021563794697692,0.163960768079695,0.7717205072602054,1.6489990360515137,0.8772785287913083,1.0154804490393892,1.7978530901251204,3.6427688809279273,0.5714291163858434,0.5526415016108761,0.3657142857142857,0.001182857142857142,0.03907312913509952,0.2988505747126437,0.2979942857142857,0.13933337194934856,0.26436781609195403,-0.9489199999999999,0.1620671620920519,0.19540229885057472,0.2387668825110196,-0.2506920765220724,-0.6005212089165808,0.9732468795818207,0.005479770728097607,0.947277924361235,0.9885569357715679,0.041279011410332855,0.97326230611433,-0.31217640791808926,3.4704937112064913,0.5780352333382809,0.3833424532149218,0.47398843930635837,0.9217399826589595,0.042603161006020455,0.1681159420289855,0.20333821965317916,0.18973566954852453,0.08405797101449275,-0.1291252514450867,0.05016688425025987,0.17971014492753623,-0.8026552056892989,-0.3178838047110145,0.5850651280871383,9.819032835035623,0.9167656045876729,7.999445129688252,12.781445121626648,4.781999991938396,9.861737422445536,1.0563172200246014,1.354054403193718,0.580370267104565,0.7102030533692678,0.42758620689655175,-5.317403976802509,0.9118400079763312,0.01944792973651192,-4.009581646394984,0.6697372772042536,0.025094102885821833,7.141010900940439,0.925763572482532,0.021957340025094103,0.09180749028995708,-0.40476119845857933,0.06618450629813843
pushups,pushups/2,2.546999931335449,0.9615494432560217,0.13213016526584181,0.7027391123413984,1.3774381947679442,0.6746990824265457,0.9705852422116997,0.9412153177281224,1.3971435892312787,0.38759726886636664,0.7239434622899233,0.3953488372093023,-0.023434108527131785,0.05563458365642616,0.171875,0.2952403100775194,0.13100782716386997,0.3359375,-0.9055426356589147,0.13681906842442018,0.203125,0.4207636000065999,-0.3320653177134828,-0.6307541248394685,0.9733488137496873,0.00802371587521809,0.936209856753984,0.9918056107287423,0.055595753974758244,0.9733818845881453,-0.3394953022665508,2.4710540631390288,2.734377607705696,0.4468340352188817,0.39453125,0.9129245625,0.04341639762660064,0.14901960784313725,0.21183274218750003,0.20664281958820446,0.08235294117647059,-0.14203478125000002,0.07314231876173173,0.1568627450980392,-0.7666741516615686,-0.404085931844903,0.6447432086179594,9.975852875569654,0.7162452799357797,8.48066414355793,11.763765773002916,3.2831016294449853,10.00153227740838,0.6439628160140021,-0.027253617891753734,0.39257445972509797,0.6745582072802385,0.41475826972010177,-5.914420308736218,0.8208053011273261,0.02461799660441426,-3.7609448710771836,0.58963816233882,0.035653650254668934,7.039148428329092,0.7398017904159041,0.03225806451612903,-0.07445051694258023,-0.41409892712710805,0.4485110635383888
pushups,pushups/2,4.8440001010894775,1.00883148408793,0.08794196712095476,0.5772861726921481,1.247577327566822,0.670291154874674,1.0126572731522538,-1.2816626017438717,6.150880725437364,1.6393458256970916,0.3876991858831289,0.4959016393442623,0.0944016393442623,0.19889770662888648,0.02880658436213992,-0.10682786885245903,0.4473514808515206,0.0205761316872428,-0.8636516393442623,0.15784285333765213,0.11522633744855967,-0.44698854965902574,0.3250537245263839,-0.6067324857283407,0.9995854610545185,0.0905916258813004,0.935226524672655,1.4870733976149941,0.5518468729423391,1.0036821890575682,3.507801235675786,12.065682812853565,0.20576151310189833,0.4726118664470674,0.11316872427983539,0.8130650061728395,0.26835477003252206,0.088659793814433,0.29005076337448554,0.2258858282074796,0.0865979381443299,-0.26763261111111114,0.27659740584455456,0.010309278350515464,-0.4411087966933426,0.6870723264619215,-0.22902381838476207,9.812659715479537,0.9550456985068843,7.7046203515215845,14.801147786867796,7.0965274353462116,9.859026472123475,1.727190829773541,6.9474980079443185,1.2386582194894484,0.3440100352769793,0.4072256913470116,-6.335381115521856,2.561162528236688,0.012940651494868362,-2.8095793479036573,1.9532711640169795,0.009370816599732263,6.506110384032114,1.3748050332619086,0.02900490852298081,0.3875901213028943,0.10096998285476512,0.12294281329275368
situps,situps/1,1.8369998931884766,1.026500291688356,0.09190450293668305,0.8599474126328412,1.2222809955392788,0.3623335829064376,1.0306062713259216,0.1514164114636197,-0.7251208135105389,0.5494510734479263,0.9636228456229988,0.5164835164835165,-0.06274725274725276,0.02486119417825873,0.2,-0.7053296703296702,0.1670437894122676,0.044444444444444446,0.4826483516483516,0.5488152749457385,0.011111111111111112,0.3937888833903013,0.30321864562814216,0.7429741894787166,1.019742912377131,0.047674393082913186,0.9244425905300413,1.1406763279759538,0.21623373744591246,1.020856726039074,0.7791579985477932,0.028406894236042923,1.0810821120813252,0.7772488568166155,0.3675675675675676,-0.07133061621621621,0.23653002832916004,0.03260869565217391,-0.26441200000000004,0.19898966067335583,0.043478260869565216,-0.9333710216216216,0.07706930529089484,0.10869565217391304,-0.7059432799847514,-0.6323043185651407,0.63064321459879,9.82558929111592,0.2921530142597845,8.73152443380074,10.28881508000566,1.5572906462049207,9.829931754668133,-1.609958711545377,3.2981350037909998,2.7226193412699446,0.5808651025798912,0.5847058823529412,9.481174044705883,0.5613976447593382,0.030624263839811542,-0.463633328235294,0.8317924754965589,0.023557126030624265,-2.3822998635294117,0.35141426930518105,0.05535924617196702,-0.0011033366283904147,0.14273267691851008,0.0008164182995767472
situps,situps/1,3.1530001163482666,1.0109954026025523,0.10144814645895749,0.880513315779525,1.3149526767030184,0.43443936092349345,1.0160725517911873,1.3075186122306994,0.9829666144521823,0.6250005960470162,0.8606044246544348,0.3125,-0.1235125,0.04601779377316996,0.1320754716981132,-0.76026875,0.16418723008637884,0.03773584905660377,0.08263749999999999,0.6397433810472367,0.06289308176100629,0.4745883574701536,0.26279954529416394,0.4888295407994793,1.0131472138993922,0.0374858726869566,0.878180358225518,1.0832785281877022,0.20509816996218422,1.0138404547477888,-0.3798663467748215,0.3935002169463373,0.6329119959969784,0.6912533150639234,0.4430379746835443,-0.3775429525316456,0.3155660268671958,0.025396825396825397,0.08461163291139243,0.4561430160856498,0.0031746031746031746,-0.7167209810126581,0.2397890588134869,0.0031746031746031746,-0.9408830765876695,-0.7693159560734099,0.8368193146125836,9.845412700006035,0.18543934058136333,9.233799472998609,10.292056322777542,1.0582568497789335,9.847158929481912,-0.9071125706276352,1.4884562232107,1.9034076272072262,0.47052640380612276,0.6024674434544208,9.361555326250857,0.6912881349425526,0.045953360768175584,-0.97646844276902,0.9114767518287119,0.023319615912208505,-2.7139889876627827,0.37590689038644126,0.06035665294924554,-0.15458400360464902,0.0627602847000682,-0.34160506110390515
situps,situps/1,3.24399995803833,1.010237500420704,0.1199833871621094,0.878182514205241,1.3602342723354464,0.4820517581302054,1.017337613799453,1.5683677970159584,1.3636582905440644,0.6097566790702597,0.7706693671923627,0.2865853658536585,-0.1557439024390244,0.05045834093722091,0.12269938650306748,-0.7846402439024389,0.1440161697897709,0.09815950920245399,0.03343292682926829,0.614002543602199,0.03680981595092025,-0.41371999601496257,0.07713084256623076,0.5053097343902225,1.0120314816773726,0.05677875104340139,0.857010796375706,1.1809293688164368,0.32391857244073086,1.0136229804400387,0.4481245793962715,1.1894334760908967,0.6134975175921631,0.6456779223008345,0.450920245398773,-0.2520091533742332,0.3137233341167049,0.024615384615384615,-0.20509187423312883,0.4290064639292147,0.024615384615384615,-0.7925109723926379,0.11177748158920747,0.055384615384615386,-0.9329113641369159,0.46047821347605117,-0.2273801151437568,9.839045722540513,0.21211043033942076,9.044844161671255,10.257186270765917,1.2123421090946618,9.841331798334082,-0.9307314525226938,1.6773792918950212,3.697831861644931,0.4476833750973097,0.5585885486018641,9.297871549933422,0.7329485234788403,0.041305796135909394,-1.2711463994673768,0.9856308741648746,0.014656895403064623,-2.7341901897470042,0.4816777140110837,0.05729513657561625,-0.1491192423766672,0.07716224543572964,-0.6254355292302191
situps,situps/1,2.2850000858306885,1.0332852096224423,0.14490546052482992,0.864086688812328,1.3921372873276083,0.5280505985152804,1.0433963374070314,1.1766911565706264,0.1799127275666872,0.4310348938255284,0.9252416510086577,0.3017241379310345,-0.09494827586206898,0.045581651788696394,0.1565217391304348,-0.7775603448275862,0.17164163191597093,0.08695652173913043,0.2636465517241379,0.6179260815952791,0.05217391304347826,0.5142870703657229,0.5383071936188232,0.6973521898956133,1.0222536179898698,0.07863439277995311,0.858783649881999,1.1783008656389775,0.31951721575697856,1.025273537755291,0.1834270937379184,-0.6891097370534247,0.43668163915948727,0.7517128581797654,0.4497816593886463,-0.036542886462882104,0.38679324385754027,0.008771929824561403,-0.5146431965065502,0.37347953823159613,0.0043859649122807015,-0.6568014847161573,0.2562018365411916,0.021929824561403508,-0.9010899391495814,0.9457369078260526,-0.8149765402075434,9.859693058056392,0.40485654426791307,8.192618494391295,10.76488345902558,2.572264964634284,9.868001622442206,-1.592854928257586,4.992739135026124,3.5026998543048444,0.4418525711202886,0.5846736045411542,9.31200096972564,0.7790427271278497,0.03598484848484849,-1.2021658590350046,0.6725487956454123,0.02462121212121212,-2.8579674437086093,0.5805681627507989,0.041666666666666664,-0.313980374822652,0.11523041253036365,-0.580172867056536
situps,situps/1,1.566999912261963,0.95501764502268,0.05666292151193385,0.865283811323895,1.0769281825787331,0.21164437125483815,0.9566971249977357,0.4830854804944241,-0.5228595308480868,1.2500011920940324,0.9072721212117887,0.4875,-0.18427500000000002,0.058685810678561816,0.02531645569620253,-0.8524499999999999,0.04159774633318492,0.27848101265822783,-0.2323,0.3071289794206987,0.05063291139240506,-0.6633470960778859,0.742785089944461,-0.7980724447337509,0.9931947111718818,0.0546073656669356,0.8715532869356885,1.11920504531909,0.2476517583834016,0.9946947766450172,0.40423254157197697,-0.5566889630992082,1.265823991993957,0.7682979481203934,0.41139240506329117,-0.373036,0.09599138856392474,0.08917197452229299,-0.34434859493670894,0.17019684727683757,0.012738853503184714,-0.8291781962025316,0.08220719672455452,0.15286624203821655,-0.7693226220861449,0.6449350636914237,-0.6290613785176049,9.819589855943752,0.1661275833673594,9.1095825008337,10.13605094535886,1.026468444525161,9.82099502662072,-1.6001454304508413,3.71346507528916,2.553347411034635,0.6689904344385169,0.5641379310344827,9.216149492413793,0.5176034055752261,0.055248618784530384,-1.7657116924137932,0.9802082591555737,0.006906077348066298,-2.6075099944827587,0.6801678893733243,0.03038674033149171,-0.24784585309565896,0.10621393965826462,-0.8660412629658556
situps,situps/1,1.816999912261963,1.0452491786837048,0.1543999788911137,0.8901300140843804,1.3815382181902374,0.49140820410585695,1.0565913112554617,0.9970001207474641,-0.6145330825066395,0.5434787791713184,0.9319809634898159,0.31521739130434784,-0.08902173913043478,0.07144532391989628,0.12087912087912088,-0.7541086956521741,0.14133420587555084,0.0989010989010989,0.19418478260869568,0.693294794713711,0.01098901098901099,-0.47020888151713375,-0.8990148041188297,0.5732445637823258,1.0298362801771896,0.08219734769502765,0.9175814705403262,1.2349291441460066,0.3173476736056804,1.0331114015135483,1.0921697943856727,0.30302358400003726,0.5494510734479263,0.7924517847475999,0.34615384615384615,0.08465147802197803,0.34479846702459865,0.04419889502762431,-0.6933828846153846,0.2602770891890572,0.011049723756906077,-0.579529956043956,0.24156102432720608,0.04419889502762431,-0.8457339495871593,0.8967380686570026,-0.7986506424050391,9.818891048115994,0.4362799686787579,8.321288004125892,11.018885066908723,2.6975970627828314,9.828578820248772,-0.5502617955675999,2.7200495830536617,2.2011615612367543,0.5270693422783691,0.5648038049940547,9.481290837098692,0.7253151907590447,0.05238095238095238,-1.2830650772889418,0.767277305406917,0.017857142857142856,-2.071666577883472,0.5072199660268437,0.075,-0.050137617140281775,-0.19752259221010054,-0.4339686761338831
situps,situps/1,2.2250001430511475,1.0300701154320224,0.14356298655778246,0.8824119435141354,1.3613033690752674,0.47889142556113196,1.0400263332317745,1.1199573583064246,-0.10586599728680923,0.4424782980863831,0.9050699883701592,0.30973451327433627,-0.11831858407079647,0.04868869242110082,0.05357142857142857,-0.7945840707964601,0.1268462050920739,0.11607142857142858,0.1973008849557522,0.6191880336155311,0.017857142857142856,-0.06439600935474334,-0.6635122119058775,0.4276207847700315,1.0281813295373659,0.08147820958152648,0.8709523772814537,1.2172824217622147,0.346330044480761,1.0314046466086124,0.32068131442904957,-0.7121099332420933,2.678573983058641,0.7815162556667024,0.5044642857142857,0.00937084375,0.39781027840265953,0.013452914798206279,-0.6151041205357143,0.347538703520967,0.004484304932735426,-0.41842366517857144,0.4812743134678176,0.004484304932735426,-0.8232696751742534,0.9749399206025086,-0.8190923708740487,9.840463713884768,0.38272111167479955,8.34626900883186,10.939903859398001,2.5936348505661417,9.847903409031,-0.9077095892526457,4.850367315571697,2.246573875000134,0.43375670440639064,0.5242718446601942,9.379883336893206,0.7912458821989682,0.0369290573372206,-1.122693804854369,0.6453663267016617,0.024295432458697766,-2.581827781553398,0.6820423614070512,0.029154518950437316,-0.1910147593317702,0.14835931944076128,-0.3088988190843866
situps,situps/1,1.565999984741211,0.9636584409046935,0.04437314880750321,0.9034463659090486,1.0683916007803693,0.16494523487132073,0.9646795152080083,0.8070932916129527,-0.1729483618267098,0.6329119959969784,0.8923595321662329,0.43037974683544306,-0.1599367088607595,0.032500571279166765,0.01282051282051282,-0.8317341772151898,0.06882700913412075,0.20512820512820512,-0.4010126582278481,0.21715032963952433,0.02564102564102564,-0.4057478985483145,0.4225484824282208,-0.8241163992072308,0.9971456391655711,0.04582785580633066,0.8766846482702711,1.0699435076923591,0.19325885942208798,0.9981981857701009,-0.4940265932533634,-0.5106418617126849,1.265823991993957,0.743990695820493,0.5949367088607594,-0.2960808227848101,0.10420716056426894,0.08917197452229299,-0.5528705632911393,0.17279612438719028,0.006369426751592357,-0.7342538101265824,0.15514858462544995,0.06369426751592357,-0.7328967540768117,0.8007378978276211,-0.8874641540740504,9.827977900710787,0.07179205777220567,9.67028555358889,10.014428984482201,0.3441434308933111,9.828240112879762,-0.027213631259419502,-0.03249073328810281,1.9150105582759762,0.5994728681469859,0.5337931034482759,9.497208813793103,0.21773363263654516,0.08425414364640885,-1.613191528275862,0.534393384677355,0.03038674033149171,-1.7738175944827586,0.600155685146771,0.04419889502762431,0.02114824636558758,0.020950618028328573,-0.7946587013427919
situps,situps/1,3.063999891281128,1.006912071754603,0.12177850327710488,0.8499641851721456,1.3403067837795386,0.49034259860739304,1.0142494387997256,1.3066339266589766,0.5609922276800479,0.641026252355914,0.8452550171095896,0.3269230769230769,-0.08995512820512822,0.10692217052896275,0.03870967741935484,-0.8228076923076924,0.12081661858140123,0.1032258064516129,0.13144871794871796,0.5547309961948962,0.07096774193548387,0.40140333572989745,0.7555125728570379,0.4937162690748932,1.017026543654971,0.0691487889357616,0.8462350329751884,1.2314302356886446,0.3851952027134562,1.0193745854738874,0.6616735169343414,0.6292232130920028,0.6514664193323947,0.6061903944079193,0.4755700325732899,-0.005599263843648218,0.3247742226822184,0.013071895424836602,-0.7890802703583061,0.1501224951332449,0.032679738562091505,-0.38567325081433224,0.37589684609183743,0.006535947712418301,-0.5401586345135417,0.938833242197581,-0.5465168392992736,9.840119963425424,0.2958754046673823,8.589789524940803,10.538818408723653,1.9490288837828498,9.844567189556413,-1.109120320193883,4.665015433934839,2.2845976923485143,0.3404512776188749,0.5345557122708039,9.382875175599436,0.6716432200653378,0.040931545518701484,-1.1867961466854726,0.8975608758185095,0.014114326040931546,-2.4866422242595205,0.5267317711336482,0.04798870853916726,-0.07217090101346521,-0.06058852647359402,-0.565140214204437
situps,situps/1,1.877000093460083,1.0469620414052747,0.14897293067956893,0.8994979281321438,1.387901701336116,0.4884037732039721,1.0575076596501605,1.0573948836972933,-0.4368221092775526,0.5376349213307666,0.9199208331965247,0.3010752688172043,-0.08081720430107527,0.16860955382034523,0.03260869565217391,-0.8292688172043009,0.10454603758091367,0.21739130434782608,0.26187096774193547,0.5666368852225933,0.06521739130434782,-0.3280356038956117,-0.9174007315456982,0.6004564658079319,1.0227109364484674,0.08043625885203551,0.8463279862153503,1.2475167529648996,0.4011887667495493,1.0258692174294992,0.7151233545026625,0.44553590394105935,0.5291010336905957,0.7594486183267369,0.4656084656084656,0.1988966613756614,0.30933760813865413,0.031914893617021274,-0.8467176137566138,0.12455968333745052,0.05319148936170213,-0.21313586243386246,0.37495543452439506,0.010638297872340425,-0.15135607295934425,0.9599966301989477,-0.1774649045946555,9.798179566110017,0.37067905249271826,8.523388997168254,10.774356721769974,2.25096772460172,9.805188716679185,-0.9828150331595178,3.1145222545041547,2.130238058688274,0.6608217342594744,0.570771001150748,9.439374168009206,0.6670679354023531,0.03456221198156682,-0.9907387180667434,0.8170484807779949,0.012672811059907835,-2.2778680322209435,0.5104040559616043,0.03341013824884793,-0.1660675041762659,-0.015688981420804115,-0.5596382535424149
situps,situps/1,2.563999891281128,1.0154755270178983,0.12676564116951977,0.8459988857801717,1.3277707619175165,0.48177187613734485,1.0233572561688309,1.2068738387200264,0.3300423788577813,0.7692315028270968,0.8749696776237242,0.3,-0.09606923076923078,0.18564143223145727,0.06976744186046512,-0.8166769230769231,0.11248440680889031,0.20930232558139536,0.07628461538461538,0.5682151439052937,0.015503875968992248,-0.24948747514301345,-0.686884926718077,0.5427340178096676,1.0204282519126102,0.06451353575812285,0.8626841601058758,1.1500260993814337,0.28734193927555796,1.0224655561912295,-0.02545283800678013,-0.7309751900094366,0.7782108588912264,0.6033689457598609,0.5447470817120622,0.04454191828793777,0.33624068391419665,0.015625,-0.7672511634241246,0.18133349949673405,0.0234375,-0.4381091050583658,0.34540056728623136,0.015625,-0.7059741777443218,0.9671542311139147,-0.6492679710499217,9.83136810921402,0.39180505267973326,8.198956046823238,10.774439732892493,2.575483686069255,9.839172226268621,-1.2311229448840793,4.974315935316201,2.341286095699971,0.4733598400994255,0.5716694772344013,9.496382723440135,0.6242446474822597,0.03375527426160337,-0.8494197647554806,0.697065214451849,0.021940928270042195,-2.24044060539629,0.5288929014408785,0.03375527426160337,-0.0668882436454079,-0.04802867102196738,-0.2785845636383349
situps,situps/1,2.3550000190734863,1.0289822648084392,0.14756352588726815,0.7666329763641573,1.4424909305441778,0.6758579541800205,1.0395092570355435,1.0776426331166205,0.5164048261511378,0.8403369358615344,0.823652657296511,0.36134453781512604,-0.12087394957983194,0.29666166549649975,0.00847457627118644,-0.7477899159663867,0.15387946139042746,0.07627118644067797,0.11789075630252101,0.6252057381027232,0.0847457627118644,-0.08031346268665275,0.8874306810727343,0.17685569929323436,1.0196854277995666,0.08317604356441965,0.7678261084922205,1.1906596055447076,0.4228334970524871,1.023072150871978,0.18700180163373917,-0.36497536885458626,0.8438826613293046,0.6485613996049049,0.38396624472573837,-0.01026186075949366,0.4269028696668985,0.00423728813559322,-0.7204082151898733,0.18465326038257684,0.025423728813559324,-0.38168701265822785,0.40937156169658734,0.012711864406779662,-0.7143494684375954,0.9831652038296099,-0.7084765699187952,9.823744694536783,0.37214429981314323,8.45990573325325,10.727762359976902,2.2678566267236526,9.830790975466979,-0.976544895796415,2.4505264471913977,2.5474911096331794,0.48371680493244446,0.5174311926605505,9.421846735779816,0.7866147876926356,0.04224058769513315,-0.8733231844036697,0.8521942541585071,0.013774104683195593,-2.407284948623853,0.5930605464196498,0.020202020202020204,-0.14932250642261838,-0.18154417903141976,-0.292305492629275
situps,situps/1,2.80400013923645,1.0138876656764602,0.09850628491905691,0.8317100407119583,1.2270395180077236,0.3953294772957653,1.0186617136122356,0.4846817314878761,-0.92788447154846,0.34965068310322583,0.7960739387834609,0.42657342657342656,-0.21694405594405594,0.07370805918719962,0.09859154929577464,-0.7436083916083917,0.14093231202580034,0.11267605633802817,0.10369230769230776,0.6381247574140534,0.007042253521126761,0.24644442631260294,0.6764179506005596,0.4106442889116261,1.0021547327894171,0.07114825230419027,0.6877363648104485,1.210520694010012,0.5227843291995634,1.0046771532478325,-0.10544407570633438,2.1177670869384135,2.135233353043187,0.5444167062738245,0.4626334519572954,-0.24456025978647683,0.3044031654360741,0.03571428571428571,-0.09820062633451956,0.5000769265152499,0.04285714285714286,-0.7450684448398577,0.2261879752073089,0.05714285714285714,-0.34740532380443556,-0.3777120341385536,0.05890384161301065,9.83460525593493,0.3019496934929817,8.784510297667758,10.525091689103542,1.740581391435784,9.839239511134155,-0.2292883130565097,1.6649693401835162,2.852352654853791,0.4525571293008815,0.4661016949152542,9.380760690292758,0.6839513420505049,0.04317656129529684,-0.9776984838212635,0.7598402856639301,0.015420200462606014,-2.601097768104777,0.7076001610116445,0.017733230531996914,-0.17753583118887659,0.13449741482221358,-0.7111436684723957
situps,situps/1,1.5869998931884766,0.9535246932703412,0.021652371658256186,0.912006819893365,1.0149851259058957,0.10297830601253077,0.9537704995829582,0.44460412488246603,0.18186116102758865,1.2500011920940324,0.7283381179095979,0.4875,-0.08545,0.031468198232501327,0.13924050632911392,-0.8996625,0.04734261921091819,0.2911392405063291,-0.1376,0.2706447209904527,0.05063291139240506,-0.14991111888289307,0.07422239500542908,-0.19163578062856465,1.0146751381426513,0.06943779700746672,0.6902902816277465,1.1372015817713765,0.44691130014363,1.0170482995502517,-1.2725168815618784,3.2822935441245633,1.8750017881410486,0.5383162552768369,0.56875,-0.12182441874999998,0.1615015796754196,0.06289308176100629,-0.7223797875,0.1181849145191227,0.11320754716981132,-0.67425871875,0.09918774745691702,0.1320754716981132,-0.40508855761733936,-0.05991411561292849,-0.1080665812073645,9.853592346126291,0.10721673174370362,9.571583245586508,10.104684498080335,0.533101252493827,9.854175640367103,-0.2468765925076119,0.25233208117419803,1.261019668256206,0.5640549694719942,0.5463215258855586,9.262596903269754,0.4976718056184176,0.05593451568894952,-1.1013830136239782,0.49774007424703776,0.01637107776261937,-3.093932734332425,0.34489280643029363,0.034106412005457026,-0.3570420222200468,0.09119290612875897,-0.466624241987443
situps,situps/1,2.6460001468658447,1.0055357085570225,0.08428735284799276,0.8605536083171689,1.2051466434696247,0.3445930351524559,1.009062148251234,0.7633221725214991,-0.2501291908594703,0.37313468420717383,0.8707783868740128,0.291044776119403,-0.1403358208955224,0.06351048145130753,0.10526315789473684,-0.8095746268656717,0.14850138834798374,0.09774436090225563,0.2742910447761194,0.4965571441259209,0.03759398496240601,0.49896558475436414,0.3086687877048376,0.6863030517471599,1.004749476437455,0.04129425849152506,0.8671681439269715,1.1114499642358207,0.24428182030884915,1.0055976959926394,-0.02779972692407118,0.8694524929567793,0.3773588504434815,0.6549785545762569,0.5018867924528302,0.10683184150943395,0.2052144079218293,0.015151515151515152,-0.7632968528301887,0.15685229321704627,0.030303030303030304,-0.5480937283018867,0.22444794961054781,0.007575757575757576,-0.8274076938521429,0.8896814283382989,-0.880672436772212,9.811666993183072,0.27023824124958906,8.682718132154502,10.294478843235794,1.611760711081292,9.815387811602342,-1.4535031816816788,3.485891524246804,4.9112855814288645,0.4352631883710834,0.5640816326530612,9.378649777959183,0.7050497703679555,0.042483660130718956,-0.563452095510204,0.46745418641210074,0.025326797385620915,-2.7443585681632654,0.5181475186512047,0.04003267973856209,-0.28589898591397417,-0.13054272382335738,0.23031103737711545
situps,situps/1,2.5339999198913574,1.0597736319686168,0.2671504789459611,0.6801175472526346,2.1618611122621405,1.4817435650095059,1.0929270467039462,2.0694935476111764,5.589698400830564,1.5503890754654666,0.5360875416775377,0.35658914728682173,-0.014643410852713187,0.10687149411808908,0.0078125,-0.7263100775193798,0.2111513582717241,0.0546875,0.36806201550387596,0.7024347993350472,0.0625,-0.39647236641614647,-0.03767828123947796,0.5227630234396742,1.0452273737730173,0.2093048438207068,0.45616932835355484,2.0087248731562553,1.5525555448027004,1.0659778518014573,2.554932586460612,9.12806056803963,1.9607861836769136,0.5175868728475104,0.27450980392156865,0.03556334901960785,0.3122798419447452,0.011811023622047244,-0.846974631372549,0.30588171489229043,0.023622047244094488,-0.40336847450980395,0.2734641554214787,0.011811023622047244,-0.7104765980577114,0.8697063163852449,-0.7915754748228084,9.784122838005867,0.5422462139554239,6.989931456938318,10.623323369155495,3.633391912217177,9.799137240886923,-2.7213218538198385,9.832915329792026,1.972694877451098,0.4038214505158576,0.6513213981244672,9.35419036913896,0.8081922205933365,0.03498293515358362,-1.0226715933503834,0.6942184243126374,0.017918088737201365,-2.547015915601023,0.4183904367594788,0.04436860068259386,-0.47200682204946987,-0.07680947606568846,0.108902664589666
situps,situps/1,3.0230000019073486,1.0247822326359926,0.16644922966874823,0.8435714477510008,1.673693773546576,0.8301223257955752,1.0382119101530907,2.0178788819589917,4.111235353673176,0.3267976972794856,0.6112281765242145,0.24836601307189543,-0.1845098039215686,0.07085658143490477,0.06578947368421052,-0.8024771241830065,0.15550188973768492,0.09868421052631579,0.11354248366013071,0.6049033087205102,0.013157894736842105,-0.14620922259716163,-0.21685787752510757,0.7598887769641326,1.0190988709482693,0.1265340449318955,0.4830554664715326,1.5215592488750556,1.038503782403523,1.0269242295782413,1.142636791964867,5.795800155443651,3.30033318044629,0.335827835334938,0.21782178217821782,0.11139062046204619,0.2815115714868008,0.019867549668874173,-0.7114362508250824,0.19614591703533737,0.033112582781456956,-0.5691189603960396,0.3137504086744608,0.019867549668874173,-0.7579708953876787,0.9284971294319558,-0.7440505408154775,9.875469346707632,0.4901021049167438,7.300760307111692,11.912736243813171,4.611975936701479,9.887623318624446,0.6531322316465562,6.015859348755315,3.3080358702646717,0.43657133832112516,0.4174410293066476,9.36678718441744,0.7298649837217054,0.030042918454935622,-0.6439001801286633,0.6449479147821531,0.01430615164520744,-2.942066944960686,0.5576339730227936,0.010014306151645207,0.16784376145593075,0.061369479948351624,0.4502959038441001
situps,situps/1,1.7360000610351562,0.9402143042884564,0.02496632446769263,0.8729954360754976,1.0009073385279,0.12791190245240236,0.9405457220922608,0.5350799504052013,0.6854517713374872,0.568182360042742,0.741071735478937,0.4431818181818182,-0.11194318181818183,0.06372603969595614,0.022988505747126436,-0.8643636363636363,0.052490514688193,0.26436781609195403,-0.23623863636363637,0.2550945009527299,0.04597701149425287,0.2877310047947779,-0.5561637827162185,-0.2820384977404825,0.990780692745798,0.05260103896236397,0.8199572067754499,1.154128415451082,0.3341712086756321,0.9921760178606231,1.0034892696632505,2.4780409660539737,1.1428582327716867,0.636428828352796,0.4114285714285714,-0.05184893142857145,0.2047908982383903,0.034482758620689655,-0.5603706342857142,0.15286960045578704,0.022988505747126436,-0.7596845485714285,0.16116464112147352,0.04597701149425287,-0.8340881455935053,0.8612534942924353,-0.842772274653831,9.85226360768485,0.10921095828980874,9.153347836671236,10.086282673391688,0.9329348367204524,9.85286888315895,-0.638861414119959,5.018219528570983,1.7289945887298663,0.5243525768314286,0.40597758405977585,9.380746824408469,0.34277290641919733,0.04114713216957606,-0.7639749315068494,0.45432108509688995,0.022443890274314215,-2.899677912826899,0.398951574678729,0.029925187032418952,0.20384392033523907,0.4157780087800067,0.41578617521617695
situps,situps/1,2.553999900817871,1.0419313626387674,0.13380794571183263,0.8022508198413368,1.3663810954091846,0.5641302755678478,1.0504882344823758,0.511784991671735,-0.3957874128394394,0.3846157514135484,0.7690447195540223,0.45384615384615384,-0.07394615384615384,0.0424721286960794,0.17829457364341086,-0.7043923076923077,0.20063290228496905,0.06976744186046512,0.6153461538461539,0.4336092482610522,0.03875968992248062,0.3983054340346999,0.41073654260806625,0.8289955214337024,1.0181168473798747,0.09216728683668818,0.7604253090989828,1.3809881713215653,0.6205628622225825,1.0222801590961115,1.554632986330985,3.9806506669662918,1.5625014901175405,0.5280816344439213,0.40234375,0.1849099140625,0.20555958908519795,0.03137254901960784,-0.78205716015625,0.18700936682897767,0.023529411764705882,-0.51137584765625,0.24967905773212964,0.0196078431372549,-0.8369217312645443,0.8202080921490708,-0.8498010487522938,9.824529967829687,0.33390022022555027,8.62622110569594,10.439520693585337,1.8132995878893965,9.830202360371338,-1.0952434718298267,2.237420745878798,3.1322789729274287,0.5596406226472597,0.5279187817258884,9.345571696277498,0.8657692859766359,0.03471634208298052,-0.5852253113367174,0.5584051435662021,0.026248941574936496,-2.8792175025380713,0.40280396085865083,0.027095681625740897,-0.3787592294797223,-0.14949061971549368,-0.2792035503338402
squats,squats/2,4.053999900817871,0.9499347166588322,0.12511699207866606,0.35365677686556474,1.454647668686373,1.1009908918208082,0.9581389396222808,-0.8322049997373362,8.906547989571882,0.8686287956912176,0.3804636529667744,0.4723127035830619,-0.23647557003257327,0.053872529207163566,0.27124183006535946,-0.7464560260586318,0.11325222141692863,0.5,-0.5098436482084691,0.1864009941040477,0.4084967320261438,0.46748307376791776,-0.03770172153584737,0.024824735291875354,1.4120967647157185,0.773212463634202,0.6271112371214247,3.1788282128882117,2.5517169757667872,1.609930056505522,1.3686478948954546,0.07744987249624513,0.246913815722278,0.8387162296654427,0.2518518518518518,0.22364031604938273,0.42547721642101083,0.0297029702970297,-0.0628929802469136,1.2747891223943986,0.05198019801980198,-0.9536110716049383,0.19178662367639826,0.10396039603960396,0.7022409029839376,-0.5806515015350496,-0.0912242966040202,9.87027015799293,0.290162687156626,8.65589338090472,11.887710887067291,3.231817506162571,9.874534286576951,2.972445360802778,24.211962514783828,2.716485906034499,0.2252291339449783,0.30562216893152144,-0.5987144567013056,0.36165725323570513,0.0018656716417910447,-9.583739881694646,0.7377373763169692,0.01812366737739872,-2.0731739357847054,0.8422492490903064,0.003464818763326226,-0.12760937093301772,0.539797803663141,-0.06970176089319155
squats,squats/2,4.374000072479248,0.9588014663762888,0.0997205575259844,0.5200715231909586,1.2217674516187988,0.7016959284278402,0.9639732576781448,-1.833840722808354,6.593685833386116,0.5404426876343116,0.3912032354380449,0.6604215456674473,-0.24576580796252928,0.07509414202052772,0.8873239436619719,-0.6832669789227166,0.15030448070159497,0.852112676056338,-0.5758735362997658,0.2247332489580934,0.8474178403755869,0.8003517498248371,-0.49875598893600975,-0.49594055941830884,1.015127608690775,0.10871506330654877,0.6288125651156061,1.332924318189574,0.7041117530739679,1.0209324301421707,-0.3383107021412846,1.8756103477256607,0.45558130007982955,0.5176943552011175,0.5763097949886105,-0.6261913302961274,0.17697270438989493,0.01141552511415525,-0.43884770159453307,0.08135546387560193,0.0684931506849315,-0.6079414168564921,0.2260152886674531,0.0182648401826484,-0.5555704024105468,-0.6730205751771007,0.4367710194385675,9.877742477942572,0.2872220456147984,9.253340044189912,10.640671540074955,1.387331495885043,9.881917474055236,0.6746495648932188,0.16681179358764586,0.22862202421135616,0.7155946419345193,0.40454433193381084,0.8955799184983947,1.9068917543683195,0.001976284584980237,-7.8246588836749815,1.6792985369345124,0.0014822134387351778,-4.6821824443072355,2.7099688063247047,0.0024703557312252965,0.8948692330002871,-0.9794559525394576,-0.9326029745775233
squats,squats/2,4.823999881744385,0.9509046521057704,0.06679835926289787,0.79956681554306,1.1112161962546125,0.31164938071155257,0.9532479625976713,0.36256334082854813,-0.47810790767346223,0.20491822821213646,0.9325806504749472,0.48360655737704916,-0.18588114754098362,0.04511277095902204,0.06584362139917696,-0.6119877049180328,0.13634690813152925,0.0411522633744856,-0.6571147540983607,0.2171654841065555,0.01646090534979424,0.4857661446175975,-0.3236389975812257,-0.9489017287349455,1.0308260230285975,0.0531995738040666,0.8817330461508873,1.1488330220952814,0.26709997594439405,1.0321978901382665,-0.19299919196960838,-0.1752761584492153,0.6198353018648095,0.7827802296789187,0.49173553719008267,-0.7114126198347107,0.1298098668755501,0.031055900621118012,-0.4527516301652893,0.04317889319286862,0.08074534161490683,-0.5392876508264463,0.2125946602977985,0.004140786749482402,-0.6587075566164496,-0.9343124065006283,0.7630563217992498,9.890235250779575,0.19785293018627984,9.49182015178028,10.281733804047134,0.7899136522668542,9.892214064492654,-0.0034315812954573838,-0.4349470050284303,0.5264369154890262,0.911170646511857,0.47469771607702643,0.40882976354679784,2.1172433204491097,0.0017917133258678612,-7.698470188087774,1.6864286232956975,0.0022396416573348264,-4.709071758172861,2.9893534695645325,0.003135498320268757,0.9252033677252167,-0.981269754142926,-0.9274233557070949
squats,squats/2,4.593000173568726,0.9712173970774379,0.06217526653171722,0.8223013549422773,1.1216656404786587,0.2993642855363814,0.9732055261629806,0.07697361774258898,0.02269972665758102,0.6465523407382926,0.873850000951838,0.5862068965517241,-0.19785775862068966,0.03841898697901156,0.04329004329004329,-0.6243663793103449,0.19179910307041256,0.021645021645021644,-0.6447370689655173,0.25401305764365345,0.008658008658008658,0.447531486805695,-0.456243168870496,-0.9700296057468727,1.0193601918203101,0.06167152424913359,0.881838593822427,1.168621402001223,0.2867828081787961,1.0212240584568848,0.19180215055386962,-0.29368509136374277,0.43478302333705476,0.8427265751811313,0.48695652173913045,-0.7644454934782607,0.1188062511413562,0.034858387799564274,-0.45677056521739134,0.061077182817549425,0.0457516339869281,-0.44524080217391304,0.18482104881792735,0.017429193899782137,-0.5122026886065668,-0.8309575605581403,0.7521948633991083,9.889674541347022,0.22558034497600038,9.492874573790372,10.41417860661308,0.9213040328227073,9.892246914923168,0.739664967909835,-0.17483043914845586,0.5529320942083704,0.96763625261427,0.3913452492944497,-0.21461795696142996,2.186597228912311,0.0004704775346977182,-7.782519467779868,1.713563065901627,0.003293342742884027,-4.493123296801506,3.07188335111466,0.003293342742884027,0.9228446015187388,-0.9814865489058775,-0.9262754487425139
squats,squats/3,3.867000102996826,0.9732658909304197,0.08528853479442466,0.8431036412824227,1.2271472325655357,0.38404359128311305,0.9769957157613146,0.7366524430170227,0.7286323582803016,0.2551022841008229,0.8767617873371499,0.5306122448979592,-0.1409642857142857,0.025174569084125922,0.05128205128205128,-0.49905102040816324,0.14307154428702115,0.03076923076923077,-0.7932397959183675,0.18878550793988827,0.010256410256410256,0.6362320357463153,-0.40721621692651505,-0.9004899296680658,1.0301786922231442,0.09235782751001077,0.7446917717925285,1.2984081876242022,0.5537164158316736,1.034310449629586,0.4379598889144036,1.1800265406518324,0.7731966136664117,0.5041297018860558,0.4381443298969072,-0.5934130283505155,0.2229850124042405,0.020671834625323,-0.2262602731958763,0.09385716838848669,0.031007751937984496,-0.7443597113402061,0.23432369626029456,0.0103359173126615,-0.806667159959704,-0.848382460869332,0.9207292627545509,9.909218687538996,0.3015049374386264,9.299946372751002,10.642895029876641,1.342948657125639,9.91380452827127,0.472180964948366,0.21265807500976086,0.2586013234939599,0.7773951232837764,0.411731843575419,-0.33584269329608935,1.69113955908605,0.003353828954723309,-7.197268297765363,1.9309725072830717,0.0011179429849077697,-5.43944464301676,3.209583670562622,0.006707657909446618,0.9217305372570532,-0.9750817402008052,-0.9375974499840384
squats,squats/3,4.056999921798706,0.9779308195639437,0.08877643015193443,0.8293634392048366,1.2208233470994698,0.39145990789463325,0.9819521079989227,0.7154384848245711,0.1226817353523697,0.24271867807651115,0.8799245334447797,0.3932038834951456,-0.15498543689320388,0.03426955938638954,0.11707317073170732,-0.598004854368932,0.15345792559490504,0.02926829268292683,-0.7140970873786407,0.22043476522470765,0.01951219512195122,0.4488744946419336,-0.24801646532602104,-0.9131892436977186,1.018596734394971,0.0829518322326261,0.8558569792203445,1.2548893549377877,0.3990323757174432,1.0219688418884643,0.4736225348674285,0.16975177667442365,0.49261130722917534,0.8707965161090522,0.5246305418719212,-0.6446340665024629,0.17134525960263275,0.019753086419753086,-0.27571594088669954,0.10891331461680506,0.022222222222222223,-0.6881012660098521,0.1964135443233944,0.009876543209876543,-0.9079120707764082,-0.9154340027674368,0.8916139978873948,9.889369470029946,0.3058869266208087,9.3225337399655,10.652294949678211,1.3297612097127107,9.894099015404986,0.33148117040100916,-0.5926575726790007,0.24648368959221953,0.8161675999817374,0.42705005324813633,-0.221189571884984,2.0456682876311896,0.0031965903036760787,-7.492954643769968,1.9369556360909577,0.002131060202450719,-4.843101052715655,3.2275733633185526,0.004262120404901438,0.9019967242942669,-0.9705865742112427,-0.927836001613719
squats,squats/3,2.062000036239624,0.958270254566893,0.0566017487529054,0.8447615300344175,1.0585296761481884,0.21376814611377093,0.959940435000831,-0.7483361561263031,-0.5110644593100693,0.47619093032153614,0.8815706464912481,0.638095238095238,-0.16612380952380953,0.04352376367612465,0.009615384615384616,-0.6949619047619047,0.17069699826130363,0.009615384615384616,-0.5908,0.17627545543970718,0.009615384615384616,0.9322381514201553,-0.7949328478410818,-0.9299944493060186,0.99001080176849,0.05701442680217004,0.8548624958686412,1.086002701722737,0.23114020585409578,0.9916511647156315,-0.3578174497235963,-0.9576348472194778,0.483092248152283,0.9222285289119923,0.5507246376811594,-0.8725432995169082,0.08646179328051361,0.019417475728155338,-0.19667298067632852,0.03486072364153132,0.05825242718446602,-0.4166002898550724,0.04086115354971723,0.1262135922330097,-0.763735755102265,-0.6903109891904239,0.6681773991920459,9.779975059653657,0.14542834695780987,9.383721767847083,10.065693542731353,0.6819717748842695,9.781056260524545,-0.7382929495090853,-0.018906689979452107,0.4852163197633001,0.5828165077340891,0.6436058700209644,-2.3063549874213836,0.7742206752906603,0.014690451206715634,-9.307723938155137,0.37825813117106777,0.023084994753410283,-1.177915855345912,1.308650201821203,0.012591815320041973,0.0856440826062654,-0.6946422786760982,-0.32493360560059015
squats,squats/3,2.621000051498413,0.9988174393104936,0.09651797998327408,0.8111274527909581,1.183615631697244,0.3724881789062858,1.0034699783903964,-0.3200465867559065,-0.6382118723248937,0.7518804162971623,0.9701156117622268,0.5488721804511278,-0.14280451127819552,0.02512718285033628,0.05303030303030303,-0.4526917293233083,0.141286845241738,0.06818181818181818,-0.8460827067669172,0.21301082061938564,0.007575757575757576,0.641241155113803,-0.5753680168623827,-0.9053506325884446,1.0548419639085347,0.08237855564444974,0.8305623717486648,1.2055174326159028,0.37495506086723807,1.0580537771079883,-0.28888696737314257,-0.42012579233439284,0.7575764800569893,0.6922022041060677,0.5454545454545454,-0.49648519696969695,0.06855006560696189,0.053231939163498096,-0.36407518939393935,0.03721452802112828,0.09885931558935361,-0.8489873825757577,0.11760999158747486,0.03802281368821293,-0.08117689432388824,-0.5126608379770783,0.5847262920346009,10.006755879801918,0.3518998798645359,9.284442817234465,10.843259154052804,1.5588163368183388,10.012941464095299,0.3797101954101966,0.22260674425564098,0.7625969836148077,0.7859697202655517,0.4843492586490939,1.4889230535420097,0.9214261747952841,0.028029678483099753,-5.436804478583196,1.7883973828301294,0.008244023083264633,-7.8600163542009875,1.678703967217067,0.031327287716405604,0.8022443624843179,-0.8385834539866549,-0.8930950365111191
squats,squats/3,4.253000020980835,0.9813463170781331,0.09005675227152318,0.7908173009241352,1.242645502628356,0.4518282017042209,0.9854698436139536,0.17966047485283682,0.4554343415381532,0.23148170223963563,0.8664574046154633,0.5694444444444444,-0.14350462962962962,0.04165099679626029,0.07441860465116279,-0.5331435185185185,0.22964987995946742,0.018604651162790697,-0.7385694444444445,0.2581378199070373,0.009302325581395349,0.625389430124465,-0.5007499842290789,-0.9586425577799575,1.0026366721868794,0.078598934744945,0.832599049758054,1.2535929601156075,0.4209939103575535,1.005712726854453,0.6580588749044729,1.1747642032369399,0.47058868408245924,0.794625796003425,0.5411764705882353,-0.6384063576470588,0.18520520948113134,0.0047169811320754715,-0.32949349176470594,0.11757284416146864,0.03537735849056604,-0.6389732352941176,0.20066487393581467,0.014150943396226415,-0.9196650802435588,-0.9120117398170409,0.928758725143577,9.888083061903533,0.32902177193092963,9.32017705344747,11.001628523451684,1.6814514700042142,9.893555577521566,1.2935147704177976,2.1286186013200536,0.4704231392827117,0.6888006867787927,0.33790650406504064,-0.20204274034552855,1.8568442758790262,0.004067107269954245,-7.367226128048781,2.1597916769635224,0.0010167768174885613,-4.899661828760163,3.4020953731570645,0.0020335536349771225,0.91182760943175,-0.9723421881093774,-0.9395431468932346
squats,squats/3,3.7839999198913574,0.9803217411048211,0.09768748997571985,0.7970095021615461,1.20188644948681,0.4048769473252639,0.9851769190254835,0.14851985372058532,-0.707225777384132,0.2604169150195901,0.9316718047898273,0.4739583333333333,-0.153359375,0.024295511751680425,0.11518324607329843,-0.5148072916666667,0.2193402259926306,0.031413612565445025,-0.755546875,0.2511469686977482,0.05235602094240838,0.3453835750067124,-0.2115538684506866,-0.9519270715806135,0.9987589702646622,0.09553100029307326,0.8382040721433958,1.211021750951902,0.37281767880850614,1.0033173240311977,0.08761426398970273,-0.8042137209286864,0.5263162914080136,0.8496213583485482,0.5710526315789474,-0.6597093763157894,0.15631719327915128,0.010554089709762533,-0.3343152842105263,0.10545758080640896,0.026385224274406333,-0.6230415078947369,0.19102545285660494,0.0158311345646438,-0.7336769799294577,-0.819905289440281,0.8892752681689233,9.890017518238098,0.34787343170810264,9.286275610813604,10.893572203400824,1.60729659258722,9.896133711482722,0.6578493732628437,0.13692201133494297,0.5284205126189364,0.8359084239281618,0.4531963470319635,-0.04272391552511416,1.99523242352023,0.0057110222729868645,-7.2685347779680365,2.302389704170927,0.0034266133637921186,-4.860595819063927,3.5040018206521704,0.002284408909194746,0.9238764141333111,-0.9696945529811718,-0.940286917731181
squats,squats/3,2.296999931335449,0.9714075799193886,0.06408849163806712,0.8258814918481404,1.0971036690078937,0.2712221771597533,0.9735193994396238,-0.648814486535887,-0.013098268064178242,0.4273508349039427,0.9641646760191511,0.6581196581196581,-0.15527350427350428,0.06378283453827653,0.02586206896551724,-0.5916324786324786,0.23565328719466497,0.008620689655172414,-0.6788461538461539,0.2307161876361168,0.02586206896551724,0.9619168143584957,-0.9481323658570967,-0.9681705623746567,0.9543081857370644,0.058652690795212716,0.8412078341626387,1.0431386800681914,0.20193084590555277,0.9561089119458548,-0.13563095543893333,-1.3209016492261194,0.43290084574685106,0.9238229926313117,0.49783549783549785,-0.7297291774891774,0.1521815510482573,0.008695652173913044,-0.24127749783549785,0.05056473467199378,0.043478260869565216,-0.5341000432900435,0.11192716148880863,0.013043478260869565,-0.7324553711567272,-0.8463087592082664,0.5277581510593976,9.733204157059172,0.1825293239941556,9.201941267433991,10.111433828215008,0.9094925607810165,9.734915516691027,-0.8810870040078511,0.12065029742391342,0.4354622474639589,0.5848295369779871,0.6246472248353716,-1.6188717074317966,0.9703217743853348,0.005649717514124294,-9.123150674506116,0.7320237020955573,0.013182674199623353,-1.8196887177798684,2.071475697641141,0.0018832391713747645,0.7630553570418122,-0.8819008719356064,-0.8660687934737428
squats,squats/3,2.0270001888275146,0.9932283906764889,0.12715733152719483,0.7911920535236964,1.3180472580176275,0.5268552044939311,1.001334920497096,0.5062324070470593,0.01808202751509702,0.4854373561530223,0.9138719316972249,0.5242718446601942,-0.16753398058252428,0.03830379725503678,0.029411764705882353,-0.48499029126213594,0.1876183636832421,0.029411764705882353,-0.7939417475728153,0.2729323620909723,0.00980392156862745,0.5893193631191769,-0.3184960558465149,-0.8824081551761999,1.0473456066778146,0.10187733567062535,0.8129631773827383,1.3454696495126597,0.5325064721299214,1.0522888440683311,0.5681993410180028,1.396141449828236,0.9803930918384568,0.8828346412816321,0.49019607843137253,-0.47681005882352945,0.08147912869585533,0.024630541871921183,-0.41532971078431374,0.06917281300942547,0.059113300492610835,-0.8243863284313727,0.1318281572563423,0.03940886699507389,0.2585750014936802,-0.49690506970825976,0.5034097248947972,10.060084126980092,0.4331182352917818,9.17238796753328,11.291104685926351,2.1187167183930704,10.069403361056658,0.42341137707582954,0.8993376716763919,0.4934929307613948,0.8076723242439442,0.4925373134328358,1.8152238134328358,0.7857102344961304,0.032017075773746,-4.950387814498934,1.7627626210218041,0.010672358591248666,-8.20044300533049,1.6611836505349202,0.029882604055496264,0.8423001268657659,-0.8796282053933847,-0.9038299938387322
squats,squats/3,5.916999816894531,0.9745665425579314,0.08310410620607371,0.7824898511355564,1.2658920527544504,0.483402201618894,0.9781033883703864,0.6843652810359913,1.6083648394560388,0.49833934568532856,0.6837839593563919,0.5614617940199336,-0.1687142857142857,0.05723569700689606,0.043333333333333335,-0.6100431893687708,0.21619334614814487,0.016666666666666666,-0.6649700996677741,0.25405948456480076,0.01,0.2665213715829267,-0.15868970210636865,-0.9527487595916819,0.9883476109254816,0.08181314009270875,0.8127897553515401,1.2741655451722358,0.4613757898206957,0.991727981814538,0.48807301867502473,0.9137637903774296,0.5067572400381213,0.6847264657650945,0.5929054054054054,-0.7364003429054053,0.14819667985445595,0.01353637901861252,-0.260280222972973,0.07331306555004743,0.06260575296108291,-0.5535643986486487,0.20039223727496047,0.02707275803722504,-0.8570980291353708,-0.8504247613308265,0.8713974439129408,9.837518652967935,0.29249951347444325,9.170813373616424,10.82718854780462,1.656375174188197,9.841866144836295,0.8922470315991748,1.666873923375495,0.5071910544786578,0.685946643410521,0.4864864864864865,-0.5237921895544193,1.7340910827722114,0.004384362440628425,-8.023688415997078,2.0714857549113606,0.003653635367190354,-3.7122467304601905,3.3482020500447764,0.00401899890390939,0.9211967903575772,-0.9685909057340615,-0.9450035021539845
squats,squats/3,2.2680001258850098,1.0059946057041973,0.12584599388188292,0.7771819834994385,1.278975203637444,0.5017932201380055,1.0138354703215222,-0.03689880701252488,-0.36308708734470274,0.43478302333705476,0.9657115830252395,0.6086956521739131,-0.07549565217391303,0.05818133182044526,0.008771929824561403,-0.44713913043478254,0.1908519064823286,0.008771929824561403,-0.8422347826086957,0.26982024065742544,0.008771929824561403,0.8527685241240851,-0.8643103746155383,-0.9309322612152284,1.0338964011187357,0.10960811185935107,0.7549399528698354,1.2468897144257034,0.491949761555868,1.0396901973336317,-0.1911011302453489,-0.3304731090417916,0.438596909506678,0.9529179207532866,0.5350877192982456,-0.6197826710526316,0.043124050983523246,0.07488986784140969,-0.29756054385964914,0.05019871616912905,0.07048458149779736,-0.7649325394736843,0.13988735260462576,0.04405286343612335,0.37508384723913263,0.04475514322688769,0.3500682789474296,10.00233598525136,0.39393535257462176,9.231544292977018,10.837519216539656,1.6059749235626377,10.010090420363964,0.04731038338275991,-0.599984965297939,0.44085368481351267,0.8287585316559827,0.5714285714285714,1.4178135114285717,0.9882186261764532,0.011439466158245948,-5.8292395599999995,1.8909914935455499,0.005719733079122974,-7.473400402857143,1.9961818094193575,0.01334604385128694,0.7793804315874244,-0.8791643535240572,-0.9249241149168292
squats,squats/3,3.6570000648498535,0.9831828098521841,0.11103769164526112,0.7826485694754688,1.2324473488730148,0.449798779397546,0.9894330733075098,0.4999443166808428,-0.08044432801590196,0.2702705280203313,0.9433298589099746,0.5351351351351351,-0.13715675675675676,0.0679234248513385,0.010869565217391304,-0.5525135135135135,0.22219820974071675,0.021739130434782608,-0.7215351351351352,0.2837581576074343,0.010869565217391304,0.5785501212140998,-0.49195285190522947,-0.9508885931159291,1.0039727419392066,0.10204835168928682,0.7566635184984596,1.2680297292129437,0.5113662107144841,1.0091457440030303,0.30157677390537835,0.19127301650327766,0.5449596477794146,0.8763445584266096,0.555858310626703,-0.715701855585831,0.14802186600878606,0.01092896174863388,-0.28949358310626705,0.08100239808673368,0.03825136612021858,-0.5834640463215259,0.23228938719549208,0.02185792349726776,-0.8005202149679728,-0.8252334321407434,0.9059742116683206,9.900249745365386,0.382753961449366,9.15371362805136,10.823461479990657,1.669747851939297,9.907645816015659,0.6656587800966642,0.22646065017789052,0.5468356397568674,0.7827346437138016,0.3987005316007088,-0.045807073242764326,1.671195406998261,0.0035460992907801418,-7.538606829887773,2.1349387125744568,0.0035460992907801418,-4.69955738511518,3.475088787749927,0.00591016548463357,0.8192925594476848,-0.898595731091967,-0.940551930338757
squats,squats/3,4.377999782562256,0.981303760300998,0.08325104450810983,0.8051696157684528,1.1499268528886077,0.34475723712015494,0.9848288208580056,-0.02620354297798853,-0.6308679349722999,0.45045088003388556,0.842348311987083,0.5180180180180181,-0.1826936936936937,0.037568146559368305,0.04524886877828054,-0.5166531531531531,0.2656948928633391,0.01809954751131222,-0.7224819819819821,0.27572697871711455,0.01809954751131222,0.20901585646798057,-0.10517106841851698,-0.9735103630524203,0.9970942323777616,0.08361489290713758,0.8029989041142103,1.144643919331418,0.3416450152172077,1.000594002858737,-0.25384419909220957,-0.7405580031027403,0.45558130007982955,0.8573220102931588,0.5216400911161732,-0.7120702323462414,0.13313247944122894,0.0182648401826484,-0.30778185193621865,0.08069385588155238,0.0273972602739726,-0.5825893917995444,0.19043049742893337,0.0136986301369863,-0.8142846625181365,-0.8224895571937634,0.9139873958332749,9.880280101770065,0.34153758572571596,8.97333173566249,10.990726139665234,2.0173944040027436,9.886181406989094,0.8410940055985796,1.8375809917884816,0.45695594181064986,0.7111706204059722,0.39585389930898324,0.08942259674234933,1.5972842746219003,0.005925925925925926,-7.233363490621915,2.507376793866661,0.0019753086419753087,-4.964542436821323,3.4665966678889055,0.003950617283950617,0.9108578663873298,-0.953446673356048,-0.9406593549020696
squats,squats/3,2.7900002002716064,0.9808829163004188,0.012916995653577493,0.9603552907174393,1.0179749739278683,0.057619683210428985,0.9809679629155728,0.03301416604248976,-1.1215741914544528,0.3521130118574739,0.6461555697438016,0.5352112676056338,-0.187443661971831,0.03500473300953509,0.04964539007092199,-0.7240774647887324,0.1465737363799859,0.03546099290780142,-0.5927605633802817,0.16959225872486314,0.0070921985815602835,0.7887219283858069,-0.7341673638012385,-0.9873519533950038,0.9867147530045265,0.04108604048010461,0.8026089387885134,1.0331037224547333,0.2304947836662199,0.9875697780507039,-2.3334209256582614,5.68264571586487,0.3571431977411521,0.7559882592949089,0.6892857142857143,-0.835689775,0.09008337901595122,0.014336917562724014,-0.21346088214285716,0.03365170877560681,0.07168458781362007,-0.4585864928571428,0.11071696210459975,0.017921146953405017,-0.7647560604526221,-0.7845794462912853,0.47771571225507614,9.821357960013962,0.11734569272163334,9.253947612441237,10.085120186341351,0.8311725739001137,9.8220589588095,-2.302598374306874,7.487646676448348,3.588343946156498,0.41763117598898974,0.6333333333333333,-1.507956831007752,0.5184444780871419,0.012412723041117145,-9.370430725581395,0.44305322627554017,0.012412723041117145,-1.9382865054263563,1.4661598943398222,0.0015515903801396431,0.45208062646718095,-0.6793911190007035,-0.8220752117309924
squats,squats/3,2.4189999103546143,0.9902926293610088,0.09388426273932984,0.8244981711533526,1.1786231619345269,0.3541249907811743,0.9947330026478705,0.2645601292690095,-0.5386476095817025,0.4098364564242729,0.9674778128036466,0.4016393442622951,-0.13508196721311475,0.06473610872750427,0.024793388429752067,-0.5367131147540983,0.17103132104624255,0.024793388429752067,-0.7690409836065576,0.24239489517229917,0.008264462809917356,0.9352635422145988,-0.7848208730800218,-0.9306190137727598,1.0106836543056898,0.07998697566366189,0.8332899653412286,1.1783405657389376,0.3450506003977091,1.013843856496908,0.14109160154865102,-0.31520226417471964,0.41322353457653965,0.8752554913636625,0.45867768595041325,-0.5798702231404957,0.05217349066700406,0.06639004149377593,-0.2048663429752066,0.03522698680602635,0.07053941908713693,-0.7948959793388429,0.11971766137394547,0.058091286307053944,0.39614138477039357,-0.5102792117777138,0.24248047551791052,9.92450566779817,0.2662866745601212,9.42855250867267,10.619621442037635,1.1910689333649653,9.92807742431566,0.7661055599085073,0.10556738210996741,0.8273393548779058,0.8271605933238861,0.40214477211796246,-0.3435101206434316,0.8913485178024028,0.01073345259391771,-7.45332819660411,0.9287247713458272,0.0035778175313059034,-6.199720079535299,1.7140144486874376,0.0035778175313059034,0.9208089406883826,-0.9207711715885144,-0.9001455989769265
squats,squats/3,3.688999891281128,0.9864317477653419,0.15140549538723694,0.45992794130190884,1.3988265583222559,0.938898617020347,0.9979835755326044,-0.11240592932929412,3.7718206774355174,0.8021398024132829,0.6031345118745907,0.3850267379679144,-0.12299465240641712,0.08757545240791721,0.03225806451612903,-0.5917914438502674,0.17980677189947533,0.053763440860215055,-0.7309786096256684,0.23959022408746306,0.010752688172043012,0.9220357459729054,-0.6166055225449749,-0.579583913025111,1.003940905198972,0.1364377891174963,0.39866027267948034,1.480410696800465,1.0817504241209848,1.0131695867084651,0.3976910586553948,6.263146638100887,1.0810821120813252,0.5906282374909172,0.41621621621621624,-0.688018781081081,0.14743412675716117,0.018970189701897018,-0.16807325675675677,0.06135796331908767,0.04607046070460705,-0.6698811783783784,0.2265440657896934,0.01084010840108401,0.8077259567856421,-0.5714328463940371,-0.34131647430906614,9.690312562423589,0.0073581929485393525,9.676380535501435,9.699840054026776,0.023459518525340783,9.690315356089704,-0.39821400205251367,-1.1326187792201368,22.041467958369132,0.8553443912679752,0.5714285714285714,-2.6008843333333336,0.04678757494131205,0.05,-9.264781238095237,0.014730148419724693,0.2,-1.3561606666666668,0.1291109184277993,0.05,0.2950931971133559,0.944969776377005,0.3723926383032082
squats,squats/3,3.948000192642212,0.9914509607449672,0.05220099009496496,0.8780699464779561,1.1638285259867729,0.2857585795088168,0.9928242296242639,1.2949720192878016,2.9340470366011573,0.7462693684143477,0.7260914873831548,0.39303482587064675,-0.23006965174129354,0.025420349203149416,0.045,-0.7153034825870648,0.09009150924267409,0.03,-0.6260199004975125,0.14364601876991862,0.01,0.3520923678986104,-0.3397882501835682,-0.8502969375683258,0.9904647042463418,0.09071787409524402,0.3989533105058714,1.2027456743151348,0.8037923638092634,0.9946105082081901,-2.9729657522911688,17.070133114622884,0.5050509867046595,0.3921874134423627,0.5757575757575758,-0.7333264191919192,0.08295480415287261,0.03291139240506329,-0.21997345202020202,0.07184235421372215,0.06835443037974684,-0.6144581237373737,0.11759125261767682,0.015189873417721518,0.08425082021320807,-0.11603919955606247,0.434749541954999,,,,,,,,,,,,,,,,,,,,,,,
squats,squats/3,2.867999792098999,1.015370407784318,0.07490514434724813,0.8579667632367912,1.2195691850993513,0.3616024218625601,1.0181295819559384,1.7018873303625601,2.282401733498637,0.3424660800257623,0.6413450498548502,0.23972602739726026,-0.21623287671232877,0.027798699362471514,0.04827586206896552,-0.7326780821917809,0.09146261568288372,0.04827586206896552,-0.6437602739726027,0.17126172811732676,0.013793103448275862,0.9525037064335701,-0.7040205795478783,-0.7718440531305579,0.9964029646653645,0.02283460265536288,0.8946182177987095,1.0376280322482014,0.1430098144494919,0.996664581026313,-1.597048308503459,4.750638839418493,2.0833353201567206,0.4895378354125654,0.4861111111111111,-0.8011076284722223,0.06078600432783206,0.03484320557491289,-0.25709728125,0.022563106955072416,0.13240418118466898,-0.5238192395833333,0.08359916168394615,0.0313588850174216,-0.5336934032429509,-0.8840165395573527,0.6807754311099679,9.85286973149041,0.11774679420450432,9.514525867327492,10.152141816784038,0.6376159494565456,9.853573273349385,-0.29286512499365935,0.28065936093619825,0.4806815878028954,0.5482769339327442,0.46105919003115264,-0.03077125441329175,1.0639352588200772,0.007276507276507277,-8.509896073727933,1.019405447779379,0.005197505197505198,-4.278426516095534,2.055349143575704,0.0031185031185031187,0.9490050877955128,-0.9562458949310763,-0.9452171106846299
squats,squats/3,2.198000192642212,0.967510173587927,0.1217925518659519,0.6640131035177159,1.3608700924480117,0.6968569889302958,0.9751458156020367,0.6106890978186155,2.017987525458267,2.7027052802033134,0.6592933465006835,0.6396396396396397,-0.21544144144144142,0.04002334559375117,0.06363636363636363,-0.7730810810810811,0.10263616621370597,0.12727272727272726,-0.5346216216216216,0.119949467893029,0.05454545454545454,0.6588255098904094,0.7911901773248793,0.4250612774121294,1.0004839911323773,0.11333530658471254,0.6479411744777426,1.2973983944656673,0.6494572199879247,1.0068828671850674,0.3678191026414961,1.1109194062589376,0.904978238620114,0.7311340859291333,0.46153846153846156,-0.7924898959276018,0.07490826973602027,0.07272727272727272,-0.25302295927601814,0.046953222170313426,0.03636363636363636,-0.5425017828054298,0.138577086373708,0.013636363636363636,0.14579942467346346,0.1294012929060532,0.8942929803266088,9.810875444477583,0.46954227126553466,8.329526057948437,10.829436138289845,2.499910080341408,9.822105015298828,-0.20792715923748406,1.1931519332507703,1.366819987364729,0.714730713211635,0.5265748031496063,-0.4615510039370079,1.2236341574648335,0.005911330049261084,-8.921964248031497,0.9388657159528486,0.0049261083743842365,-3.061682535433071,2.259773993973787,0.005911330049261084,0.8059019528624419,-0.9560853312133906,-0.867646838005807
squats,squats/3,4.108999967575073,0.9977443997557215,0.10525265267012984,0.6551953253917071,1.319893956532377,0.66469863114067,1.003280622825939,-0.12328994490930516,3.0309358053054956,0.9569387116509339,0.6148742348305433,0.507177033492823,-0.2506172248803828,0.04509104972724024,0.02403846153846154,-0.7461004784688995,0.10711324977463352,0.04326923076923077,-0.5895933014354068,0.16187493593314223,0.028846153846153848,0.6083531492415333,0.003839010014178471,-0.4129244651612036,0.9931265713618035,0.15391479837566122,0.6251087550873425,1.413920010689113,0.7888112556017705,1.004982662489195,-0.08730563477772087,0.46270722031786615,1.2135933903825558,0.4761714459700274,0.5388349514563107,-0.7326692645631068,0.1081960827997219,0.0340632603406326,-0.21121035436893204,0.13496395878884462,0.06569343065693431,-0.6069486262135921,0.17979054619330376,0.029197080291970802,0.209823987913433,0.1825149227646257,0.6850319014338576,9.923028649150567,0.44413450216525735,8.677101834817863,11.455902884436183,2.7788010496183198,9.932962953111046,0.3456294703366947,1.5529718318957721,1.217507546170932,0.38570564720469386,0.36717517096265123,0.3025403745397158,1.318588629759901,0.007368421052631579,-8.716890522882693,1.1203979807330775,0.004210526315789474,-3.4612374623882167,2.7814015834629444,0.0010526315789473684,0.8416316247322131,-0.8981933618679444,-0.869514674465169
